Main Narrative,Main Narrative Definition,Main Narrative Example,Detail Instructions Main Narrative,Sub Narrative,Sub Narrative Definition,Sub Narrative Example,Detail Instructions Sub Narrative
Blaming the war on others rather than the invader,Statements attributing responsibility or fault to entities other than Russia in the context of Russia’s invasion of Ukraine.,"[""The economic crisis is due to Western sanctions."", ""Ukraine’s actions provoked this conflict.""]",Look for direct or implied statements that shift blame away from Russia. Consider who is being held responsible for negative events or situations.,Ukraine is the aggressor,Statements that shift the responsibility of the aggression to Ukraine instead of Russia and portray Ukraine as the attacker.,"[""Ukraine secretly provoked the war because it was harassing Donbass province citizens.""]",
Blaming the war on others rather than the invader,Statements attributing responsibility or fault to entities other than Russia in the context of Russia’s invasion of Ukraine.,"[""The economic crisis is due to Western sanctions."", ""Ukraine’s actions provoked this conflict.""]",Look for direct or implied statements that shift blame away from Russia. Consider who is being held responsible for negative events or situations.,The West are the aggressors,Statements that shift the responsibility of the aggression to Ukraine instead of Russia and portray Ukraine as the attacker.,"[""Ukraine secretly provoked the war because it was harassing Donbass province citizens.""]",Look for direct or implied state- ments that mention that this conflict was a direct consequence of actions taken by the West. Consider who is being held responsible for negative events or situations.
Discrediting Ukraine,"Statements that undermine the legitimacy, actions, or inten- tions of Ukraine or Ukrainians as a nation.","[""Ukraine’s government is corrupt and ineffective."", ""Ukrainian soldiers are committing atrocities."", ""Ukrainian identity does not exist""]","Look for direct or implied statements that
attack some aspect of the Ukrainian society",Rewriting Ukraine’s history,Statements that aim to reestablish history of Ukrainian nation in a way that discredits its reputation.,"[""Ukraine is not a real nation, it was a fabrication to split Russia and ally with Hitler.""]",
Discrediting Ukraine,"Statements that undermine the legitimacy, actions, or inten- tions of Ukraine or Ukrainians as a nation.","[""Ukraine’s government is corrupt and ineffective."", ""Ukrainian soldiers are committing atrocities."", ""Ukrainian identity does not exist""]","Look for direct or implied statements that
attack some aspect of the Ukrainian society",Discrediting Ukrainian nation and society,Statements that aggressively undermine the legitimacy and reputability of Ukrainian ethnicity and people,"[""The traitorous attitude is not a characteristic of the Ukrainian elite, but deeply embedded to the consiousness of the average Ukrainian.""]","Use this only is case that the subject of the attack is the people of Ukraine, or in case of generalizations."
Discrediting Ukraine,"Statements that undermine the legitimacy, actions, or inten- tions of Ukraine or Ukrainians as a nation.","[""Ukraine’s government is corrupt and ineffective."", ""Ukrainian soldiers are committing atrocities."", ""Ukrainian identity does not exist""]","Look for direct or implied statements that
attack some aspect of the Ukrainian society",Discrediting Ukrainian military,"Statements that aim to undermine the capabilities, pro- fessionalism or effectiveness of the Ukrainian armed forces.","[""Ukraine’s military lacks basic training and equipment. They are launching hopeless attacks on the front while their corrupt officers claim false successes.""]",
Discrediting Ukraine,"Statements that undermine the legitimacy, actions, or inten- tions of Ukraine or Ukrainians as a nation.","[""Ukraine’s government is corrupt and ineffective."", ""Ukrainian soldiers are committing atrocities."", ""Ukrainian identity does not exist""]","Look for direct or implied statements that
attack some aspect of the Ukrainian society",Discrediting Ukrainian government and officials and policies,"Statements that seek to delegitimize the Ukrainian gov- ernment, its leaders, and its policies, portraying them as corrupt or incompetent.","[""Ukraine’s leadership is constantly and hopelessly asking for more support and ammunition without any progress, making a fool of themselves and showing who they really are.""]",Use this only is case that the subject of the attack is the leaders of Ukraine or some of their specific policy decisions.
Discrediting Ukraine,"Statements that undermine the legitimacy, actions, or inten- tions of Ukraine or Ukrainians as a nation.","[""Ukraine’s government is corrupt and ineffective."", ""Ukrainian soldiers are committing atrocities."", ""Ukrainian identity does not exist""]","Look for direct or implied statements that
attack some aspect of the Ukrainian society",Ukraine is a puppet of the West,"Claims that Ukraine is controlled or heavily influenced by Western powers, particularly the United States and European Union.","[""If you ask a Ukrainian official to explain why they did this, they wont know how to answer. He is not making the decision anyway, he is just implementing what NATO tells him to do, and what is in line with western interests.""]",
Discrediting Ukraine,"Statements that undermine the legitimacy, actions, or inten- tions of Ukraine or Ukrainians as a nation.","[""Ukraine’s government is corrupt and ineffective."", ""Ukrainian soldiers are committing atrocities."", ""Ukrainian identity does not exist""]","Look for direct or implied statements that
attack some aspect of the Ukrainian society",Ukraine is a hub for criminal activities,"Allegations that Ukraine is a center for illegal activities such as human trafficking, drug smuggling, or organized crime","[""Ukraine’s urge to fund this failing war in combination with their high corruption has resulted in a safe heaven for all sort of crim- inals and weapons smugglers.""]",
Discrediting Ukraine,"Statements that undermine the legitimacy, actions, or inten- tions of Ukraine or Ukrainians as a nation.","[""Ukraine’s government is corrupt and ineffective."", ""Ukrainian soldiers are committing atrocities."", ""Ukrainian identity does not exist""]","Look for direct or implied statements that
attack some aspect of the Ukrainian society",Ukraine is associated with nazism,"Accusations that Ukrainian society or government has ties to or sympathies with Nazi ideology, often referencing historical events or extremist groups.","[""... and of course this is not going to fly with current Ukrainian government. Their deep neo-nazi ideology would never allow that.""]","This can go with discrediting Ukrainian nation, but should be used with any mention or hint of sympathy or association with (neo-)Nazism, historical or not."
Discrediting Ukraine,"Statements that undermine the legitimacy, actions, or inten- tions of Ukraine or Ukrainians as a nation.","[""Ukraine’s government is corrupt and ineffective."", ""Ukrainian soldiers are committing atrocities."", ""Ukrainian identity does not exist""]","Look for direct or implied statements that
attack some aspect of the Ukrainian society",Situation in Ukraine is hopeless,Statements that portray Ukraine as having no viable perspectives or no potential positive future.,"[""Ukraine should just give up, it is all over debt and will be exploited by the West anyway.""]",
Russia is the Victim,Statements that portray Russia as being unfairly targeted or victimized.,"[""Russia is being unfairly sanctioned."", ""The West is ganging up on Russia without justification."", ""Russia is doing what every country would do (e.g. protect its inter- ests/honour etc.)""]",Look for narratives that depict Russia as suffering unjust consequences. Focus on language that evokes sympathy for Russia’s position.,The West is russophobic,Statements that claim that the negative reaction to Rus- sia’s actions are because of the negative perspective of western coun- tries instead of Russia’s own actions.,"[""Politicians in the West blame Russia for everything, instead of looking at their mistakes"", ""In Country X, they banned Tchaikovsky ballets and Chechov’s plays because they cannot stand Russia and its culture.""]",
Russia is the Victim,Statements that portray Russia as being unfairly targeted or victimized.,"[""Russia is being unfairly sanctioned."", ""The West is ganging up on Russia without justification."", ""Russia is doing what every country would do (e.g. protect its inter- ests/honour etc.)""]",Look for narratives that depict Russia as suffering unjust consequences. Focus on language that evokes sympathy for Russia’s position.,Russia actions in Ukraine are only self-defence,Statements that justify Russia’s action solely as legiti- mate self-defence and not a deliberate action.,"[""TherewasnootherwaythanwartodefendtheRussian-speaking people in Donbass.""]",
Russia is the Victim,Statements that portray Russia as being unfairly targeted or victimized.,"[""Russia is being unfairly sanctioned."", ""The West is ganging up on Russia without justification."", ""Russia is doing what every country would do (e.g. protect its inter- ests/honour etc.)""]",Look for narratives that depict Russia as suffering unjust consequences. Focus on language that evokes sympathy for Russia’s position.,UA is anti-RU extremists,Statements claiming that Ukraine is comprised of ex- tremist elements that are vehemently opposed to Russia.,,
Praise of Russia,"Statements that positively highlight Russia’s actions, policies, or character","[""Russia is leading the way in international diplomacy."", ""The Russian economy is resilient and strong."", ""Glorifying mentions of Russia’s weapon systems and military might.""]","Identify expressions of admiration, sup- port, or positive evaluation of Russia. Consider both explicit praise and subtle commendation.",Praise of Russian military might,"Statements that positively highlight Russia’s military in- stitutions, equipment and scale.","[""Russia has far more tanks and powerful artillery that US/EU would only dream of.""]",
Praise of Russia,"Statements that positively highlight Russia’s actions, policies, or character","[""Russia is leading the way in international diplomacy."", ""The Russian economy is resilient and strong."", ""Glorifying mentions of Russia’s weapon systems and military might.""]","Identify expressions of admiration, sup- port, or positive evaluation of Russia. Consider both explicit praise and subtle commendation.",Praise of Russian President Vladimir Putin,"Statements that present Vladimir Putin positively, in- cluding his personal and leadership qualities.","[""Any country would want such a strong leader as Putin to lead the way.""]",
Praise of Russia,"Statements that positively highlight Russia’s actions, policies, or character","[""Russia is leading the way in international diplomacy."", ""The Russian economy is resilient and strong."", ""Glorifying mentions of Russia’s weapon systems and military might.""]","Identify expressions of admiration, sup- port, or positive evaluation of Russia. Consider both explicit praise and subtle commendation.",Russia is a guarantor of peace and prosperity,"Statements that portray Russia solely in a positive man- ner, emphasising their potential to provide peace and prosperity to those that cooperate.","[""Take a look at Africa, Russia supports countries and turns them into independent nations guided by their people’s interests where Western countries colonised brutally.""]",
Praise of Russia,"Statements that positively highlight Russia’s actions, policies, or character","[""Russia is leading the way in international diplomacy."", ""The Russian economy is resilient and strong."", ""Glorifying mentions of Russia’s weapon systems and military might.""]","Identify expressions of admiration, sup- port, or positive evaluation of Russia. Consider both explicit praise and subtle commendation.",Russia has international support from a number of countries and people,Statements that emphasise the popularity and acceptance of Russia in the international stage.,"[""The majority of the countries population sides with Russia as per last UN General Assembly vote.""]",
Praise of Russia,"Statements that positively highlight Russia’s actions, policies, or character","[""Russia is leading the way in international diplomacy."", ""The Russian economy is resilient and strong."", ""Glorifying mentions of Russia’s weapon systems and military might.""]","Identify expressions of admiration, sup- port, or positive evaluation of Russia. Consider both explicit praise and subtle commendation.",Russian invasion has strong national support,Statements that emphasise the popularity and acceptance of the invasion inside Russia and on Russian-speaking populations.,"[""What the media does not want you to know is that Russians are almost 100% in favor of the war.""]",Use this only when there is men- tion to the Russian population or the segment of the population in Ukraine that supports Russia.
Overpraising the West,"Statements that excessively and unduly laud or extol the virtues, accomplishments, and moral superiority of Western countries, par- ticularly in the context of international relations and military.",,,NATO will destroy Russia,Statements that suggest or claim that the North Atlantic Treaty Organization (NATO) and its allies are capable or already in the process of eradicating Russia.,"[""After the invasion it is now clear what a mess Russia and its military is. It wouldn’t stance a chance against any NATO mil- itary.""]",
Overpraising the West,"Statements that excessively and unduly laud or extol the virtues, accomplishments, and moral superiority of Western countries, par- ticularly in the context of international relations and military.",,,The West belongs in the right side of history,Statements that portray Western nations and their ac- tions as morally superior and aligned with progress and justice and possess moral superiority.,"[""War in Ukraine showed that we have a fight between good and evil, and the west cannot be part of the evil side.""]",
Overpraising the West,"Statements that excessively and unduly laud or extol the virtues, accomplishments, and moral superiority of Western countries, par- ticularly in the context of international relations and military.",,,The West has the strongest international support,"Statements that emphasize or claim widespread backing for Western policies and actions from the international community, potentially downplaying opposition or criticism.","[""In the UN, Russia was thoroughly condemned and was wrong to stand against the much diplomatically stronger west.""]",
Speculating war outcomes,Statements that predict or make assumptions about the potential results or consequences of a conflict,,,Russian army is collapsing,"Statements that suggest or claim that the Russian mili- tary is experiencing a significant decline in its effectiveness, strength, or morale.","[""In the UN, Russia was thoroughly condemned and was wrong to stand against the much diplomatically stronger west.Russia is pulling its tanks from the 80s, they are clearly in a state of collapse.",
Speculating war outcomes,Statements that predict or make assumptions about the potential results or consequences of a conflict,,,Russian army will lose all the occupied territories,"Speculative statements that predict or assume the potential outcomes of the conflict, specifically regarding the possibility of the Russian military losing control of all the territories it currently occupies.","[""Russian military is in a horrible state, it is a matter of time before Ukraine recaptures Crimea and Donbdass.""]",
Speculating war outcomes,Statements that predict or make assumptions about the potential results or consequences of a conflict,,,Ukrainian army is collapsing,"Statements that suggest or claim that the Ukrainian mil itary is experiencing a significant decline in its effectiveness, strength, or morale.","[""With Ukraine out of ammunition, the Ukrainian front will not be there for long.""]",
"Discrediting the West, Diplomacy","Statements that criticize the Western countries, or interna- tional diplomatic efforts.","[""The West is hypocritical in its foreign policy."", ""Western diplomacy has failed in resolving conflicts."", ""International organizations will not solve anything because...""]","Look for criticism or negative portrayals of Western governments, leaders, or policies. Pay attention to language that suggests incompetence, hypocrisy, or malice.",The EU is divided,"Statements that present the EU as a set of divided entities and interests, usually unable to take actions.","[""The European Council will never vote on sanctions for Russia, since they cannot agree on even the simplest of the issues.""]",
"Discrediting the West, Diplomacy","Statements that criticize the Western countries, or interna- tional diplomatic efforts.","[""The West is hypocritical in its foreign policy."", ""Western diplomacy has failed in resolving conflicts."", ""International organizations will not solve anything because...""]","Look for criticism or negative portrayals of Western governments, leaders, or policies. Pay attention to language that suggests incompetence, hypocrisy, or malice.",The West is weak,Statements presenting the West overall as a non-potent group of countries (that is not as powerful as it used to be).,"[""The weakened West is once again impotent to act in front of the will Russia.""]",
"Discrediting the West, Diplomacy","Statements that criticize the Western countries, or interna- tional diplomatic efforts.","[""The West is hypocritical in its foreign policy."", ""Western diplomacy has failed in resolving conflicts."", ""International organizations will not solve anything because...""]","Look for criticism or negative portrayals of Western governments, leaders, or policies. Pay attention to language that suggests incompetence, hypocrisy, or malice.",The West is overreacting,Statements that claim that the West and its institutions are reacting to Russia’s actions in a disproportionate manner.,"[""Putin did not invade the EU but Ukraine. Imposing harsh sanctions is not the way to deal with it, dialogue and debate is.""]",
"Discrediting the West, Diplomacy","Statements that criticize the Western countries, or interna- tional diplomatic efforts.","[""The West is hypocritical in its foreign policy."", ""Western diplomacy has failed in resolving conflicts."", ""International organizations will not solve anything because...""]","Look for criticism or negative portrayals of Western governments, leaders, or policies. Pay attention to language that suggests incompetence, hypocrisy, or malice.","The West does not care about Ukraine, only about its interests","Statements that claim that the West is only interested in Ukraine for its own benefits, disregarding the country’s fate.","[""The West has indebted Ukraine more than XX bln of dollars, a lucrative deal for western companies to exploit"", ""NATO’s actions are endangering global security.""]",
"Discrediting the West, Diplomacy","Statements that criticize the Western countries, or interna- tional diplomatic efforts.","[""The West is hypocritical in its foreign policy."", ""Western diplomacy has failed in resolving conflicts."", ""International organizations will not solve anything because...""]","Look for criticism or negative portrayals of Western governments, leaders, or policies. Pay attention to language that suggests incompetence, hypocrisy, or malice.",Diplomacy does/will not work,Statements discrediting the potential of ongoing or potential diplomatic efforts.,"[""Diplomats are desperately trying to figure out solutions but now it’s too late, they have failed and Russia is free to do whatever.""]",
"Discrediting the West, Diplomacy","Statements that criticize the Western countries, or interna- tional diplomatic efforts.","[""The West is hypocritical in its foreign policy."", ""Western diplomacy has failed in resolving conflicts."", ""International organizations will not solve anything because...""]","Look for criticism or negative portrayals of Western governments, leaders, or policies. Pay attention to language that suggests incompetence, hypocrisy, or malice.",West is tired of Ukraine,"Claims that Western countries, particularly the United
States and European nations, are becoming fatigued or disinterested in supporting Ukraine and its efforts.","[""InEuropeancapitals,theideaoffundingUkrainewithoutprogress on the battlefield has started loosing the already small support.""]",
Negative Consequences for the West,"Statements that highlight or predict adverse outcomes for
Western countries and their interests.","[""Sanctions against Russia will backfire on Europe."", ""The West is headed for an economic downturn.""]",Identify predictions or reports of nega- tive impacts on Western nations. Consider both current and future con- sequences mentioned.,Sanctions imposed by Western countries will backfire,Statements that catastrophize on the possible negative effects for Western sanctions of Russia.,"[""The winter is going to be cold and with current gas prices, we are talking of societal unrest.""]",
Negative Consequences for the West,"Statements that highlight or predict adverse outcomes for
Western countries and their interests.","[""Sanctions against Russia will backfire on Europe."", ""The West is headed for an economic downturn.""]",Identify predictions or reports of nega- tive impacts on Western nations. Consider both current and future con- sequences mentioned.,The conflict will increase the Ukrainian refugee flows to Eu- rope,Statements that catastrophize on the possible refugee outflows due to the conflict.,"[""Like we did not have refugees from the Middle East, now we will have Ukrainians stressing our housing and healthcare problems.""]",
Distrust towards Media,"Statements that question the reliability or integrity of media
organizations.","[""Western media is spreading propaganda."", ""You can’t trust what the news says about Russia.""]","Look for language that undermines con- fidence in media sources. Pay attention to claims of bias, misinformation, or manipulation.",Western media is an instrument of propaganda,Statements that discredit the media institutions of the West and claim that they are instruments of propaganda.,"[""... but you wouldn’t hear this on a western channel, only the party line from State Department.""]",
Distrust towards Media,"Statements that question the reliability or integrity of media
organizations.","[""Western media is spreading propaganda."", ""You can’t trust what the news says about Russia.""]","Look for language that undermines con- fidence in media sources. Pay attention to claims of bias, misinformation, or manipulation.",Ukrainian media cannot be trusted,"Statements that discredit the media institutions of the
Ukraine and claim that they should not be trusted for reporting on the war.","Ukraine is conducting its own propaganda using their TV chan- nels, news and social media.",
Amplifying war-related fears,"Statements that evoke fear or anxiety about potential threats, dangers or reactions.","[""The West is pushing us towards World War III."", ""It is a matter of time before war speads on the West"", ""Nuclear war is imminent""]",Identify language designed to elicit fear or concern about severe consequences. Consider both direct and implied threats mentioned.,By continuing the war we risk WWIII,"Statements that warn against upsetting Russia’s and its leadership, evoking fear of causing WW3.","[""The Western elites with their fixation on Russia are sleapwalk- ing towards WW3""]",
Amplifying war-related fears,"Statements that evoke fear or anxiety about potential threats, dangers or reactions.","[""The West is pushing us towards World War III."", ""It is a matter of time before war speads on the West"", ""Nuclear war is imminent""]",Identify language designed to elicit fear or concern about severe consequences. Consider both direct and implied threats mentioned.,Russia will also attack other countries,"Statements that claim that it is imminent that Russia
will attack other countries.","[""... and be sure, Ukraine is the first not the last country to be invaded. Others will follow.""]",
Amplifying war-related fears,"Statements that evoke fear or anxiety about potential threats, dangers or reactions.","[""The West is pushing us towards World War III."", ""It is a matter of time before war speads on the West"", ""Nuclear war is imminent""]",Identify language designed to elicit fear or concern about severe consequences. Consider both direct and implied threats mentioned.,There is a real possibility that nuclear weapons will be em- ployed,Statements that evoke fear or anxiety about the use of nuclear weapons.,"[""... and if Western hypocrisy continues to provoke, Putin might be forced to press the red button. . . for good""]","This narrative can potentially go in two directions, either claiming that West should not anger Russia, or that Russia should be stopped before they use them."
Amplifying war-related fears,"Statements that evoke fear or anxiety about potential threats, dangers or reactions.","[""The West is pushing us towards World War III."", ""It is a matter of time before war speads on the West"", ""Nuclear war is imminent""]",Identify language designed to elicit fear or concern about severe consequences. Consider both direct and implied threats mentioned.,NATO should/will directly intervene,"Statements that suggest or claim that the North Atlantic Treaty Organization (NATO) ought to or will take direct military action in a conflict, potentially implying a shift in policy or strategy.","[""If Russia continues to bully neighboring countries it migh leave NATO no other choice but to come and intervene, in any possible way.""]",
Hidden plots by secret schemes of powerful groups,Statements that suggest hidden plots or secretive actions by powerful groups related to the war.,"[""There’s a secret plan by the elites to control global resources."", ""The war is just a cover for something much bigger.""]","Look for narratives involving clandestine activities, secret agendas, or unproven allegations. Focus on claims that lack credible evidence and suggest hidden motives.",,,,